"id","outline_name","investigator_id","site_id","Site","country","long","lat","Period","length","width","thickness","weight","reference"
"415x2_C7","egtved_planche 1_key_3","2021_3","egtved","Egtved mark","DK","9.28277","55.62854","Allerød/GI-1a-c ","78.8","36.7","12.9","39.89","(Fischer 1988)"
"415x2_F2","egtved_planche 3_key_16","2021_16","egtved","Egtved mark","DK","9.28277","55.62854","Allerød/GI-1a-c ","77.2","19.1","7.8","10.30","(Fischer 1988)"
"415x2_17",,"2021_17","egtved","Egtved mark","DK","9.28277","55.62854","Allerød/GI-1a-c ","56.3","18.7","6.7","5.55","(Fischer 1988)"
"415x2_E3",,"2021_18","egtved","Egtved mark","DK","9.28277","55.62854","Allerød/GI-1a-c ","23.2","17.1","3.6","1.89","(Fischer 1988)"
"415x2_3",,"2021_19","egtved","Egtved mark","DK","9.28277","55.62854","Allerød/GI-1a-c ","76.1","26.9","15.9","26.77","(Fischer 1988)"
"415x2",,"2021_20","egtved","Egtved mark","DK","9.28277","55.62854","Allerød/GI-1a-c ","27.0","15.8","5.8","2.86","(Fischer 1988)"
"NA",,"2021_21","egtved","Egtved mark","DK","9.28277","55.62854","Allerød/GI-1a-c ","28.3","21.5","5.4","3.50","(Fischer 1988)"
"415x2_A4",,"2021_22","egtved","Egtved mark","DK","9.28277","55.62854","Allerød/GI-1a-c ","62.3","16.8","9.6","11.91","(Fischer 1988)"
"415x2",,"2021_23","egtved","Egtved mark","DK","9.28277","55.62854","Allerød/GI-1a-c ","27.2","20.8","4.9","3.51","(Fischer 1988)"
"415x2_9","egtved_planche 4_key_24","2021_24","egtved","Egtved mark","DK","9.28277","55.62854","Allerød/GI-1a-c ","41.0","14.8","3.8","1.97","(Fischer 1988)"
"415x2","egtved_planche 4_key_26","2021_26","egtved","Egtved mark","DK","9.28277","55.62854","Allerød/GI-1a-c ","101.0","30.1","8.8","22.35","(Fischer 1988)"
"415x2_B16","egtved_planche 4_key_27","2021_27","egtved","Egtved mark","DK","9.28277","55.62854","Allerød/GI-1a-c ","69.5","26.4","9.9","12.40","(Fischer 1988)"
"415x2_B6",,"2021_28","egtved","Egtved mark","DK","9.28277","55.62854","Allerød/GI-1a-c ","62.2","20.2","6.9","9.64","(Fischer 1988)"
"415x2",,"2021_29","egtved","Egtved mark","DK","9.28277","55.62854","Allerød/GI-1a-c ","30.2","24.4","6.9","6.55","(Fischer 1988)"
"415x2_B15","egtved_planche 4_key_30","2021_30","egtved","Egtved mark","DK","9.28277","55.62854","Allerød/GI-1a-c ","51.9","23.6","4.7","5.57","(Fischer 1988)"
"415x2_M1",,"2021_31","egtved","Egtved mark","DK","9.28277","55.62854","Allerød/GI-1a-c ","72.8","21.0","7.9","10.63","(Fischer 1988)"
"415x2",,"2021_32","egtved","Egtved mark","DK","9.28277","55.62854","Allerød/GI-1a-c ","27.7","10.1","4.3","1.43","(Fischer 1988)"
"415x2",,"2021_33","egtved","Egtved mark","DK","9.28277","55.62854","Allerød/GI-1a-c ","23.9","30.8","7.2","6.71","(Fischer 1988)"
"415x2_P4","egtved_planche 4_key_60","2021_60","egtved","Egtved mark","DK","9.28277","55.62854","Allerød/GI-1a-c ","91.8","18.4","8.2","11.41","(Fischer 1988)"
"415x2_C10","egtved_planche 4_key_61","2021_61","egtved","Egtved mark","DK","9.28277","55.62854","Allerød/GI-1a-c ","83.5","33.3","8.0","19.40","(Fischer 1988)"
"415x2_18",,"2021_62","egtved","Egtved mark","DK","9.28277","55.62854","Allerød/GI-1a-c ","56.3","20.5","6.8","6.25","(Fischer 1988)"
"415x2_H3",,"2021_63","egtved","Egtved mark","DK","9.28277","55.62854","Allerød/GI-1a-c ","67.7","23.3","6.8","13.40","(Fischer 1988)"
"415x2_P5","egtved_planche 4_key_64","2021_64","egtved","Egtved mark","DK","9.28277","55.62854","Allerød/GI-1a-c ","47.7","22.4","4.5","4.83","(Fischer 1988)"
"415x2_B13","egtved_planche 4_key_65","2021_65","egtved","Egtved mark","DK","9.28277","55.62854","Allerød/GI-1a-c ","57.8","20.9","5.1","5.65","(Fischer 1988)"
"415x2",,"2021_66","egtved","Egtved mark","DK","9.28277","55.62854","Allerød/GI-1a-c ","25.6","15.9","4.6","3.17","(Fischer 1988)"
"415x2",,"2021_67","egtved","Egtved mark","DK","9.28277","55.62854","Allerød/GI-1a-c ","68.7","20.1","14.2","25.35","(Fischer 1988)"
"415x2_F1","egtved_planche 4_key_68","2021_68","egtved","Egtved mark","DK","9.28277","55.62854","Allerød/GI-1a-c ","94.5","45.0","11.4","37.27","(Fischer 1988)"
"415x2_A8","egtved_planche 2_key_69","2021_69","egtved","Egtved mark","DK","9.28277","55.62854","Allerød/GI-1a-c ","83.1","28.2","13.0","32.23","(Fischer 1988)"
"415x2E2","egtved_planche 3_key_70","2021_70","egtved","Egtved mark","DK","9.28277","55.62854","Allerød/GI-1a-c ","83.9","30.7","11.6","28.31","(Fischer 1988)"
"415x2_D3","egtved_planche 2_key_71","2021_71","egtved","Egtved mark","DK","9.28277","55.62854","Allerød/GI-1a-c ","80.8","21.1","15.4","17.56","(Fischer 1988)"
"415x2","egtved_planche 4_key_72","2021_72","egtved","Egtved mark","DK","9.28277","55.62854","Allerød/GI-1a-c ","67.5","25.7","6.4","9.54","(Fischer 1988)"
"415x2_J2",,"2021_73","egtved","Egtved mark","DK","9.28277","55.62854","Allerød/GI-1a-c ","83.5","21.9","5.5","10.41","(Fischer 1988)"
"415x2_P7","egtved_planche 5_key_95","2021_95","egtved","Egtved mark","DK","9.28277","55.62854","Allerød/GI-1a-c ","47.8","23.8","5.5","4.68","(Fischer 1988)"
"415x2_P6",,"2021_96","egtved","Egtved mark","DK","9.28277","55.62854","Allerød/GI-1a-c ","36.7","12.0","3.0","1.31","(Fischer 1988)"
"415x2",,"2021_97","egtved","Egtved mark","DK","9.28277","55.62854","Allerød/GI-1a-c ","76.1","30.7","10.5","18.32","(Fischer 1988)"
"415x2_C5",,"2021_98","egtved","Egtved mark","DK","9.28277","55.62854","Allerød/GI-1a-c ","52.4","20.4","9.7","10.28","(Fischer 1988)"
"415x2_5",,"2021_103","egtved","Egtved mark","DK","9.28277","55.62854","Allerød/GI-1a-c ","72.5","25.1","16.1","30.78","(Fischer 1988)"
"415x2_A2","egtved_planche 1_key_104","2021_104","egtved","Egtved mark","DK","9.28277","55.62854","Allerød/GI-1a-c ","128.2","36.0","24.4","127.55","(Fischer 1988)"
"415x2","egtved_planche 2_key_105","2021_105","egtved","Egtved mark","DK","9.28277","55.62854","Allerød/GI-1a-c ","113.0","38.0","18.0","60.11","(Fischer 1988)"
"415x2_D8","egtved_planche 2_key_106","2021_106","egtved","Egtved mark","DK","9.28277","55.62854","Allerød/GI-1a-c ","121.9","42.9","20.9","82.42","(Fischer 1988)"
"415x2_D12","egtved_planche 3_key_107","2021_107","egtved","Egtved mark","DK","9.28277","55.62854","Allerød/GI-1a-c ","124.1","48.3","13.8","67.49","(Fischer 1988)"
"415x2_E5","egtved_planche 3_key_108","2021_108","egtved","Egtved mark","DK","9.28277","55.62854","Allerød/GI-1a-c ","110.5","43.7","15.1","73.35","(Fischer 1988)"
"415x2",,"2021_109","egtved","Egtved mark","DK","9.28277","55.62854","Allerød/GI-1a-c ","75.3","22.3","6.1","17.63","(Fischer 1988)"
"415x2_B8","egtved_planche 3_key_110","2021_110","egtved","Egtved mark","DK","9.28277","55.62854","Allerød/GI-1a-c ","94.6","37.3","11.4","34.86","(Fischer 1988)"
"415x2",,"2021_111","egtved","Egtved mark","DK","9.28277","55.62854","Allerød/GI-1a-c ","55.5","27.1","7.5","17.05","(Fischer 1988)"
"415x2_2","egtved_planche 4_key_112","2021_112","egtved","Egtved mark","DK","9.28277","55.62854","Allerød/GI-1a-c ","70.5","15.8","9.6","14.22","(Fischer 1988)"
"415x2_J2",,"2021_113","egtved","Egtved mark","DK","9.28277","55.62854","Allerød/GI-1a-c ","34.8","16.1","4.6","2.78","(Fischer 1988)"
"415x2_A9",,"2021_114","egtved","Egtved mark","DK","9.28277","55.62854","Allerød/GI-1a-c ","45.8","13.0","9.4","4.61","(Fischer 1988)"
"415x2","egtved_planche 2_key_115","2021_115","egtved","Egtved mark","DK","9.28277","55.62854","Allerød/GI-1a-c ","92.3","32.3","18.1","58.18","(Fischer 1988)"
"415x2","egtved_planche 4_key_116","2021_116","egtved","Egtved mark","DK","9.28277","55.62854","Allerød/GI-1a-c ","132.8","30.1","14.6","52.03","(Fischer 1988)"
"415x2_L2","egtved_planche 4_key_117","2021_117","egtved","Egtved mark","DK","9.28277","55.62854","Allerød/GI-1a-c ","76.2","31.7","8.6","21.67","(Fischer 1988)"
"415x2",,"2021_118","egtved","Egtved mark","DK","9.28277","55.62854","Allerød/GI-1a-c ","48.8","11.9","3.8","2.76","(Fischer 1988)"
"415x2_D11","egtved_planche 2_key_119","2021_119","egtved","Egtved mark","DK","9.28277","55.62854","Allerød/GI-1a-c ","55.6","19.7","5.3","6.97","(Fischer 1988)"
"415x2_B17","egtved_planche 4_key_121","2021_121","egtved","Egtved mark","DK","9.28277","55.62854","Allerød/GI-1a-c ","118.2","37.5","14.4","70.43","(Fischer 1988)"
"415x2_B11","egtved_planche 3_key_122","2021_122","egtved","Egtved mark","DK","9.28277","55.62854","Allerød/GI-1a-c ","104.5","29.0","9.3","27.22","(Fischer 1988)"
"415x2","egtved_planche 4_key_123","2021_123","egtved","Egtved mark","DK","9.28277","55.62854","Allerød/GI-1a-c ","155.7","32.8","12.7","44.15","(Fischer 1988)"
"12-1088","01_d_oldeholtwolde",1,"oldeholtwolde","Oldeholtwolde","NL","6.01",52.91,"Bølling/GI-1e ",36.2,11.9,,1.29,
"12-5596; 12-5528","02_d_oldeholtwolde",2,"oldeholtwolde","Oldeholtwolde","NL","6.01",52.91,"Bølling/GI-1e ",61.2,24.8,,10.78,
12.2577,"03_d_oldeholtwolde",3,"oldeholtwolde","Oldeholtwolde","NL","6.01",52.91,"Bølling/GI-1e ",32.4,9.8,,1.05,
12.1885,"04_d_oldeholtwolde",4,"oldeholtwolde","Oldeholtwolde","NL","6.01",52.91,"Bølling/GI-1e ",39.1,8.7,,0.62,
1252,"05_d_oldeholtwolde",5,"oldeholtwolde","Oldeholtwolde","NL","6.01",52.91,"Bølling/GI-1e ",57.4,14.9,,3.81,
"12_5232","06_d_oldeholtwolde",6,"oldeholtwolde","Oldeholtwolde","NL","6.01",52.91,"Bølling/GI-1e ",39.4,14.7,,1.62,
"12.6.63","07_d_oldeholtwolde",7,"oldeholtwolde","Oldeholtwolde","NL","6.01",52.91,"Bølling/GI-1e ",20.5,5.7,,0.11,
"12_3504","08_d_oldeholtwolde",8,"oldeholtwolde","Oldeholtwolde","NL","6.01",52.91,"Bølling/GI-1e ",65.2,19.1,,5.51,
"12_615","09_d_oldeholtwolde",9,"oldeholtwolde","Oldeholtwolde","NL","6.01",52.91,"Bølling/GI-1e ",30.5,13.7,,0.88,
12.5434,"10_d_oldeholtwolde",10,"oldeholtwolde","Oldeholtwolde","NL","6.01",52.91,"Bølling/GI-1e ",26.5,9.7,,0.69,
"12_1544","11_d_oldeholtwolde",11,"oldeholtwolde","Oldeholtwolde","NL","6.01",52.91,"Bølling/GI-1e ",36.3,9.3,,0.84,
"12_4978","12_d_oldeholtwolde",12,"oldeholtwolde","Oldeholtwolde","NL","6.01",52.91,"Bølling/GI-1e ",44.6,16.9,,3.48,
"12_5989","13_d_oldeholtwolde",13,"oldeholtwolde","Oldeholtwolde","NL","6.01",52.91,"Bølling/GI-1e ",31.5,9.3,,1.2,
"12_658","14_d_oldeholtwolde",14,"oldeholtwolde","Oldeholtwolde","NL","6.01",52.91,"Bølling/GI-1e ",30.7,11.4,,0.93,
"12.5.19","15_d_oldeholtwolde",15,"oldeholtwolde","Oldeholtwolde","NL","6.01",52.91,"Bølling/GI-1e ",34.6,9,,0.67,
"12_2382","16_d_oldeholtwolde",16,"oldeholtwolde","Oldeholtwolde","NL","6.01",52.91,"Bølling/GI-1e ",20.3,6.7,,0.42,
"12_5050","17_d_oldeholtwolde",17,"oldeholtwolde","Oldeholtwolde","NL","6.01",52.91,"Bølling/GI-1e ",37.2,14.7,,1.26,
"12_3572","18_d_oldeholtwolde",18,"oldeholtwolde","Oldeholtwolde","NL","6.01",52.91,"Bølling/GI-1e ",33.3,7.2,,0.81,
"12.4970, 12.4930","19_d_oldeholtwolde",19,"oldeholtwolde","Oldeholtwolde","NL","6.01",52.91,"Bølling/GI-1e ",39.6,11.6,,1.31,
"12:6:134, 12_3705","20_d_oldeholtwolde",20,"oldeholtwolde","Oldeholtwolde","NL","6.01",52.91,"Bølling/GI-1e ",37.8,7.3,,0.44,
"12_400","21_d_oldeholtwolde",21,"oldeholtwolde","Oldeholtwolde","NL","6.01",52.91,"Bølling/GI-1e ",77.1,24,,10.64,
"12_1394, 12_950","22_d_oldeholtwolde",22,"oldeholtwolde","Oldeholtwolde","NL","6.01",52.91,"Bølling/GI-1e ",43.2,7.3,,0.65,
"GL 2062 15/16 nv","01_d_hoejgaard",1,"hoejgaard","Højgård","DK",11.65,55.56,"Allerød/GI-1a-c ",72.9,28.1,,11.93,
"FR 2062 13/13 sv","02_d_hoejgaard",2,"hoejgaard","Højgård","DK",11.65,55.56,"Allerød/GI-1a-c ",80.9,35.3,,36.55,
"PO 2062 H12/15 sv","03_d_hoejgaard",3,"hoejgaard","Højgård","DK",11.65,55.56,"Allerød/GI-1a-c ",87.5,31.8,,33.1,
"PJ 2062 12/15 nv (41)","04_d_hoejgaard",4,"hoejgaard","Højgård","DK",11.65,55.56,"Allerød/GI-1a-c ",84.8,33.7,,21.86,
"ZZ 13/16 sø","05_d_hoejgaard",5,"hoejgaard","Højgård","DK",11.65,55.56,"Allerød/GI-1a-c ",69.2,23.1,,11.43,
"DS 2062 13/14 sv","06_d_hoejgaard",6,"hoejgaard","Højgård","DK",11.65,55.56,"Allerød/GI-1a-c ",72.6,15.8,,4.49,
"NQ 2062 12/15 nv (97 lodret)","07_d_hoejgaard",7,"hoejgaard","Højgård","DK",11.65,55.56,"Allerød/GI-1a-c ",52.8,17.5,,5.23,
"CX 2062 13/15 sv","08_d_hoejgaard",8,"hoejgaard","Højgård","DK",11.65,55.56,"Allerød/GI-1a-c ",48.5,20.9,,3.74,
"MY 2062 15/15 nø","09_d_hoejgaard",9,"hoejgaard","Højgård","DK",11.65,55.56,"Allerød/GI-1a-c ",45.1,13.3,,2.22,
"QL 2062 12/12 nø","10_d_hoejgaard",10,"hoejgaard","Højgård","DK",11.65,55.56,"Allerød/GI-1a-c ",36.2,15.5,,2.44,
"UL 2062 H 15/13 NV","11_d_hoejgaard",11,"hoejgaard","Højgård","DK",11.65,55.56,"Allerød/GI-1a-c ",62.5,18.3,,6.56,
"LR 2062 12/15 NØ, 87 lodret","12_d_hoejgaard",12,"hoejgaard","Højgård","DK",11.65,55.56,"Allerød/GI-1a-c ",72.4,26.8,,15.53,
"RU 2062 H 13/16 SV","13_d_hoejgaard",13,"hoejgaard","Højgård","DK",11.65,55.56,"Allerød/GI-1a-c ",76.1,26.3,,17.06,
"OG 2062 H11/14 NØ, 89 lodret","14_d_hoejgaard",14,"hoejgaard","Højgård","DK",11.65,55.56,"Allerød/GI-1a-c ",65.5,20.4,,11.14,
"ZV 13/16 SØ","15_d_hoejgaard",15,"hoejgaard","Højgård","DK",11.65,55.56,"Allerød/GI-1a-c ",59.8,19.7,,10.69,
"TR 2062 H14/15 NV","16_d_hoejgaard",16,"hoejgaard","Højgård","DK",11.65,55.56,"Allerød/GI-1a-c ",60.1,20.1,,17.68,
"PF 2062 H12/14 SV","17_d_hoejgaard",17,"hoejgaard","Højgård","DK",11.65,55.56,"Allerød/GI-1a-c ",54.9,22,,6.8,
"ZX 13/16 SØ","18_d_hoejgaard",18,"hoejgaard","Højgård","DK",11.65,55.56,"Allerød/GI-1a-c ",54.4,18,,5.43,
"KR 2062 12/15 NØ","19_d_hoejgaard",19,"hoejgaard","Højgård","DK",11.65,55.56,"Allerød/GI-1a-c ",44.1,20.3,,5.25,
"TP 2062 H 15/13 NØ","20_d_hoejgaard",20,"hoejgaard","Højgård","DK",11.65,55.56,"Allerød/GI-1a-c ",57.3,15.2,,5.6,
"YC H 12/15 NV","21_d_hoejgaard",21,"hoejgaard","Højgård","DK",11.65,55.56,"Allerød/GI-1a-c ",52.5,19.6,,2.7,
"UO 2062 H 12/14 NV","22_d_hoejgaard",22,"hoejgaard","Højgård","DK",11.65,55.56,"Allerød/GI-1a-c ",39.8,13.3,,3.43,
"PD 2062 11/15 NØ 32 vandret","23_d_hoejgaard",23,"hoejgaard","Højgård","DK",11.65,55.56,"Allerød/GI-1a-c ",47.4,20.2,,3.36,
"LX 2062 H 12/14 NV","24_d_hoejgaard",24,"hoejgaard","Højgård","DK",11.65,55.56,"Allerød/GI-1a-c ",41,11.8,,1.69,
"41S13","25_d_hoejgaard",25,"hoejgaard","Højgård","DK",11.65,55.56,"Allerød/GI-1a-c ",73.5,35.5,,24.33,
"108S1","26_d_hoejgaard",26,"hoejgaard","Højgård","DK",11.65,55.56,"Allerød/GI-1a-c ",84.1,26.5,,21.32,
"108S9","27_d_hoejgaard",27,"hoejgaard","Højgård","DK",11.65,55.56,"Allerød/GI-1a-c ",63.8,27.6,,12.88,
"89S3","28_d_hoejgaard",28,"hoejgaard","Højgård","DK",11.65,55.56,"Allerød/GI-1a-c ",67.1,29.7,,23.92,
"88S2","29_d_hoejgaard",29,"hoejgaard","Højgård","DK",11.65,55.56,"Allerød/GI-1a-c ",71.2,26.5,,22.22,
"75S5","30_d_hoejgaard",30,"hoejgaard","Højgård","DK",11.65,55.56,"Allerød/GI-1a-c ",74.4,21,,50.6,
"87S20","31_d_hoejgaard",31,"hoejgaard","Højgård","DK",11.65,55.56,"Allerød/GI-1a-c ",79.4,25.4,,9.81,
"73P5","32_d_hoejgaard",32,"hoejgaard","Højgård","DK",11.65,55.56,"Allerød/GI-1a-c ",65.4,21.8,,4.72,
"74S12","33_d_hoejgaard",33,"hoejgaard","Højgård","DK",11.65,55.56,"Allerød/GI-1a-c ",57.7,15.2,,3.02,
"73S2","34_d_hoejgaard",34,"hoejgaard","Højgård","DK",11.65,55.56,"Allerød/GI-1a-c ",79,34.4,,35.18,
"16S153","35_d_hoejgaard",35,"hoejgaard","Højgård","DK",11.65,55.56,"Allerød/GI-1a-c ",48,18.8,,4.75,
"107S21","36_d_hoejgaard",36,"hoejgaard","Højgård","DK",11.65,55.56,"Allerød/GI-1a-c ",54.8,17.3,,5.28,
"108S16","37_d_hoejgaard",37,"hoejgaard","Højgård","DK",11.65,55.56,"Allerød/GI-1a-c ",69.1,20.3,,6.27,
"7S37","38_d_hoejgaard",38,"hoejgaard","Højgård","DK",11.65,55.56,"Allerød/GI-1a-c ",46.6,16.8,,3.78,
"100/100:2046","100-100;2046_trollesgave","100-100;2046","trollesgave","Trollesgave","DK",11.81,55.27,"Allerød/GI-1a-c ",90.6,44.6,,78.37,
"100/100:2068","100-100;2068_trollesgave","100-100;2068","trollesgave","Trollesgave","DK",11.81,55.27,"Allerød/GI-1a-c ",46.9,21.6,,6.76,
"100/100:2073","100-100;2073_trollesgave","100-100;2073","trollesgave","Trollesgave","DK",11.81,55.27,"Allerød/GI-1a-c ",51.4,21.1,,7.7,
"100/100:2080","100-100;2080_trollesgave","100-100;2080","trollesgave","Trollesgave","DK",11.81,55.27,"Allerød/GI-1a-c ",103.1,48.8,,70.91,
"100/100:2101","100-100;2101_trollesgave","100-100;2101","trollesgave","Trollesgave","DK",11.81,55.27,"Allerød/GI-1a-c ",51.8,10,,3.68,
"100/100:2163","100-100;2163_trollesgave","100-100;2163","trollesgave","Trollesgave","DK",11.81,55.27,"Allerød/GI-1a-c ",86.6,25.1,,21.13,
"100/100:2164","100-100;2164_trollesgave","100-100;2164","trollesgave","Trollesgave","DK",11.81,55.27,"Allerød/GI-1a-c ",68.1,22.8,,16.51,
"100/100:2166","100-100;2166_trollesgave","100-100;2166","trollesgave","Trollesgave","DK",11.81,55.27,"Allerød/GI-1a-c ",70.8,17.6,,6.38,
"100/101:1007","100-100;1007_trollesgave","100-101;1007","trollesgave","Trollesgave","DK",11.81,55.27,"Allerød/GI-1a-c ",56.7,20.7,,5.72,
"100/101:2021","100-101;2021_trollesgave","100-101;2021","trollesgave","Trollesgave","DK",11.81,55.27,"Allerød/GI-1a-c ",49.1,16.1,,4.01,
"100/116:1057","100-100;1057_trollesgave","100-116;1057","trollesgave","Trollesgave","DK",11.81,55.27,"Allerød/GI-1a-c ",55.4,21.1,,8.56,
"100/123:1001","100-123;1001_trollesgave","100-123;1001","trollesgave","Trollesgave","DK",11.81,55.27,"Allerød/GI-1a-c ",74.4,26.2,,29.92,
"100/90:1002","100-90;1002_trollesgave","100-90;1002","trollesgave","Trollesgave","DK",11.81,55.27,"Allerød/GI-1a-c ",57.3,18.6,,6.61,
"101/101:1001","101-101;1001_trollesgave","101-101;1001","trollesgave","Trollesgave","DK",11.81,55.27,"Allerød/GI-1a-c ",54.6,24.6,,8.3,
"101/104:1001","101-104;1001_trollesgave","101-104;1001","trollesgave","Trollesgave","DK",11.81,55.27,"Allerød/GI-1a-c ",112.4,25.9,,29.27,
"101/184:1001","101-184;1001_trollesgave","101-184;1001","trollesgave","Trollesgave","DK",11.81,55.27,"Allerød/GI-1a-c ",115.9,39.9,,111.76,
"102/106:1003","102-106;1003_trollesgave","102-106;1003","trollesgave","Trollesgave","DK",11.81,55.27,"Allerød/GI-1a-c ",47.4,28.4,,14.03,
"104/100:1001","104-100;1001_trollesgave","104-100;1001","trollesgave","Trollesgave","DK",11.81,55.27,"Allerød/GI-1a-c ",43.2,26.3,,9.68,
"104/102:1002","104-102;1002_trollesgave","104-102;1002","trollesgave","Trollesgave","DK",11.81,55.27,"Allerød/GI-1a-c ",82.5,44.9,,50.19,
"104/105:1085","104-105;1085_trollesgave","104-105;1085","trollesgave","Trollesgave","DK",11.81,55.27,"Allerød/GI-1a-c ",80.9,45.4,,45.48,
"104/112:1001","104-112;1001_trollesgave","104-112;1001","trollesgave","Trollesgave","DK",11.81,55.27,"Allerød/GI-1a-c ",58.1,27.1,,8.75,
"105/96:1001","105-96;1001_trollesgave","105-96;1001","trollesgave","Trollesgave","DK",11.81,55.27,"Allerød/GI-1a-c ",40.4,23.7,,8.62,
"105/98:1024","105-98;1024_trollesgave","105-98;1024","trollesgave","Trollesgave","DK",11.81,55.27,"Allerød/GI-1a-c ",109.3,39,,54.58,
"107/99:1000","107-99;1000_trollesgave","107-99;1000","trollesgave","Trollesgave","DK",11.81,55.27,"Allerød/GI-1a-c ",72.2,39.1,,25.9,
"115/90:2000","115-90;2000_trollesgave","115-90;2000","trollesgave","Trollesgave","DK",11.81,55.27,"Allerød/GI-1a-c ",76.1,36.2,,36.34,
"116/101:2032","116-101;2032_trollesgave","116-101;2032","trollesgave","Trollesgave","DK",11.81,55.27,"Allerød/GI-1a-c ",114,49.4,,94.24,
"90/120:2000","90-120;2000_trollesgave","90-120;2000","trollesgave","Trollesgave","DK",11.81,55.27,"Allerød/GI-1a-c ",43.5,30.3,,19.06,
"94/103:1000","94-103;1000_trollesgave","94-103;1000","trollesgave","Trollesgave","DK",11.81,55.27,"Allerød/GI-1a-c ",73.8,29.2,,25.48,
"98/102:1004","98-102;1004_trollesgave","98-102;1004","trollesgave","Trollesgave","DK",11.81,55.27,"Allerød/GI-1a-c ",60.7,24.9,,13.41,
"99/125:2017","99-125;2017_trollesgave","99-125;2017","trollesgave","Trollesgave","DK",11.81,55.27,"Allerød/GI-1a-c ",98.8,29.9,,32.08,
"43_1","Trollesgave_Fischer_1990_blades_1","43_1","trollesgave","Trollesgave","DK",11.81,55.27,"Allerød/GI-1a-c ",77.8,27.9,5.3,,"Fischer 1990"
"43_2","Trollesgave_Fischer_1990_blades_2","43_2","trollesgave","Trollesgave","DK",11.81,55.27,"Allerød/GI-1a-c ",44,11.3,3.9,,"Fischer 1990"
"43_3","Trollesgave_Fischer_1990_blades_3","43_3","trollesgave","Trollesgave","DK",11.81,55.27,"Allerød/GI-1a-c ",70.5,21.3,9.3,,"Fischer 1990"
"43_4","Trollesgave_Fischer_1990_blades_4","43_4","trollesgave","Trollesgave","DK",11.81,55.27,"Allerød/GI-1a-c ",96.4,21.3,5.9,,"Fischer 1990"
"43_5","Trollesgave_Fischer_1990_blades_5","43_5","trollesgave","Trollesgave","DK",11.81,55.27,"Allerød/GI-1a-c ",105.7,23.3,6.7,,"Fischer 1990"
"43_6","Trollesgave_Fischer_1990_blades_6","43_6","trollesgave","Trollesgave","DK",11.81,55.27,"Allerød/GI-1a-c ",121.3,34.6,10.6,,"Fischer 1990"
"43_7","Trollesgave_Fischer_1990_blades_7","43_7","trollesgave","Trollesgave","DK",11.81,55.27,"Allerød/GI-1a-c ",96.8,26.6,10.6,,"Fischer 1990"
,"Jels_99_1-6_Madsen_1992_blokke-og-flækker_61_8",,"jels","Jels 2","DK","9.240096","55.375035","Bølling/GI-1e ",,,,,"Madsen 1992"
,"Jels_99_1-6_Madsen_1992_blokke-og-flækker_61_7",,"jels","Jels 2","DK","9.240096","55.375035","Bølling/GI-1e ",,,,,"Madsen 1992"
"99_6","Jels_99_1-6_Madsen_1992_blokke-og-flækker_61_6",,"jels","Jels 2","DK","9.240096","55.375035","Bølling/GI-1e ",90,25.5,5.3,,"Madsen 1992"
"99_5","Jels_99_1-6_Madsen_1992_blokke-og-flækker_61_5",,"jels","Jels 2","DK","9.240096","55.375035","Bølling/GI-1e ",105,21,8.3,,"Madsen 1992"
"99_4","Jels_99_1-6_Madsen_1992_blokke-og-flækker_61_4",,"jels","Jels 2","DK","9.240096","55.375035","Bølling/GI-1e ",87,15,4.5,,"Madsen 1992"
"99_3","Jels_99_1-6_Madsen_1992_blokke-og-flækker_61_3",,"jels","Jels 2","DK","9.240096","55.375035","Bølling/GI-1e ",78,10.5,4.5,,"Madsen 1992"
"99_2","Jels_99_1-6_Madsen_1992_blokke-og-flækker_61_2",,"jels","Jels 2","DK","9.240096","55.375035","Bølling/GI-1e ",93,13.5,3,,"Madsen 1992"
"99_1","Jels_99_1-6_Madsen_1992_blokke-og-flækker_61_1",,"jels","Jels 2","DK","9.240096","55.375035","Bølling/GI-1e ",94.5,31.5,4.5,,"Madsen 1992"
,"Jels_99_1-6_Madsen_1992_blokke-og-flækker_60_6",,"jels","Jels 2","DK","9.240096","55.375035","Bølling/GI-1e ",,,,,"Madsen 1992"
,"Jels_99_1-6_Madsen_1992_blokke-og-flækker_60_2",,"jels","Jels 2","DK","9.240096","55.375035","Bølling/GI-1e ",,,,,"Madsen 1992"
,"Jels_99_1-6_Madsen_1992_blokke-og-flækker_60_1",,"jels","Jels 2","DK","9.240096","55.375035","Bølling/GI-1e ",,,,,"Madsen 1992"
"4_4","Boerneck-ost_Kotthaus_2019_blades_4","4_4","borneck","Borneck-Ost","DE",10.245,53.66,"Allerød/GI-1a-c ",83,25,,,"Kotthaus 2019"
"4_3","Boerneck-ost_Kotthaus_2019_blades_3","4_3","borneck","Borneck-Ost","DE",10.245,53.66,"Allerød/GI-1a-c ",66,24,,,"Kotthaus 2019"
"4_2","Boerneck-ost_Kotthaus_2019_blades_2","4_2","borneck","Borneck-Ost","DE",10.245,53.66,"Allerød/GI-1a-c ",74,23,,,"Kotthaus 2019"
"4_1","Boerneck-ost_Kotthaus_2019_blades_1","4_1","borneck","Borneck-Ost","DE",10.245,53.66,"Allerød/GI-1a-c ",102,25,,,"Kotthaus 2019"
"11_1","bromme_blades_1",18,"bromme","Bromme","DK","11.514","55.487","Allerød/GI-1a-c ",78,18.8,,,"Mathiassen 1946"
"11_2","bromme_blades_2",19,"bromme","Bromme","DK","11.514","55.487","Allerød/GI-1a-c ",65.3,13.5,,,"Mathiassen 1946"
"11_3","bromme_blades_3",20,"bromme","Bromme","DK","11.514","55.487","Allerød/GI-1a-c ",72,21,,,"Mathiassen 1946"
"11_4","bromme_blades_4",21,"bromme","Bromme","DK","11.514","55.487","Allerød/GI-1a-c ",60,16.5,,,"Mathiassen 1946"
"11_5","bromme_blades_5",22,"bromme","Bromme","DK","11.514","55.487","Allerød/GI-1a-c ",56.3,12,,,"Mathiassen 1946"
"11_6","bromme_blades_6",23,"bromme","Bromme","DK","11.514","55.487","Allerød/GI-1a-c ",64.5,15,,,"Mathiassen 1946"
"11_7","bromme_blades_7",24,"bromme","Bromme","DK","11.514","55.487","Allerød/GI-1a-c ",46.5,15,,,"Mathiassen 1946"
"11_8","bromme_blades_8",25,"bromme","Bromme","DK","11.514","55.487","Allerød/GI-1a-c ",46.5,16.5,,,"Mathiassen 1946"
"11_9","bromme_blades_9",26,"bromme","Bromme","DK","11.514","55.487","Allerød/GI-1a-c ",36,9.8,,,"Mathiassen 1946"
"11_10","bromme_blades_10",27,"bromme","Bromme","DK","11.514","55.487","Allerød/GI-1a-c ",40.5,9,,,"Mathiassen 1946"
"11_11","bromme_blades_11",28,"bromme","Bromme","DK","11.514","55.487","Allerød/GI-1a-c ",34.5,9,,,"Mathiassen 1946"
"11_12","bromme_blades_12",29,"bromme","Bromme","DK","11.514","55.487","Allerød/GI-1a-c ",34.5,7.5,,,"Mathiassen 1946"
"11_13","bromme_blades_13",30,"bromme","Bromme","DK","11.514","55.487","Allerød/GI-1a-c ",32.3,9,,,"Mathiassen 1946"
"11_14","bromme_blades_14",31,"bromme","Bromme","DK","11.514","55.487","Allerød/GI-1a-c ",3,6.5,,,"Mathiassen 1946"
