count,artefact.cat,id,site,country,long,lat,chron,max.length,max.width,max.thick,weight,photo,source,publication.2,comment
1,scraper,NC 2062 H 12/15 NV,hoejgaard,DK,11.69494,55.54491,alleroed,62.8,28.1,9.7,18.38,Højgaard_samlingen_3,inventory,,
2,scraper,AFH 2062,hoejgaard,DK,11.69494,55.54491,alleroed,67.6,26,7.7,19.37,Højgaard_samlingen_3,inventory,,
3,scraper,YA 2062 P H9 T-V,hoejgaard,DK,11.69494,55.54491,alleroed,76.2,23.7,8.8,19.06,Højgaard_samlingen_3,inventory,,
4,scraper,ALE 2062,hoejgaard,DK,11.69494,55.54491,alleroed,56.7,28,16.4,35.02,Højgaard_samlingen_3,inventory,,
5,scraper,ANO 2062,hoejgaard,DK,11.69494,55.54491,alleroed,55.1,25.9,10.4,17.23,Højgaard_samlingen_3,inventory,,
6,scraper,AKY 2062,hoejgaard,DK,11.69494,55.54491,alleroed,50.2,19.2,7.9,8.83,Højgaard_samlingen_3,inventory,,
7,scraper,AKK 2062,hoejgaard,DK,11.69494,55.54491,alleroed,62.8,27.4,15.2,29.44,Højgaard_samlingen_3,inventory,,
8,scraper,AAD 2062,hoejgaard,DK,11.69494,55.54491,alleroed,64.7,35.7,14.3,35.72,Højgaard_samlingen_3,inventory,,
9,scraper,AHJ 2062,hoejgaard,DK,11.69494,55.54491,alleroed,71.5,31,13.5,22.11,Højgaard_samlingen_3,inventory,,
10,scraper,ALS 2062,hoejgaard,DK,11.69494,55.54491,alleroed,40.3,21.4,8,7.48,Højgaard_samlingen_3,inventory,,
11,scraper,ALT 2062,hoejgaard,DK,11.69494,55.54491,alleroed,75.9,27.2,10.5,24.48,Højgaard_samlingen_3,inventory,,
12,scraper,KW 2062 H 12/15 SØ,hoejgaard,DK,11.69494,55.54491,alleroed,53.7,23.2,7.6,9.99,Højgaard_samlingen_3,inventory,,
13,scraper,AJQ 2062,hoejgaard,DK,11.69494,55.54491,alleroed,57.5,31.6,9,17.18,Højgaard_samlingen_3,inventory,,
14,scraper,ALU 2062,hoejgaard,DK,11.69494,55.54491,alleroed,49.9,22.9,9.5,12.7,Højgaard_samlingen_3,inventory,,
15,scraper,AOR 2062,hoejgaard,DK,11.69494,55.54491,alleroed,71,39.7,11.4,42.01,Højgaard_samlingen_3,inventory,,
16,scraper,ANZ 2062,hoejgaard,DK,11.69494,55.54491,alleroed,48.6,33.4,10,18.17,Højgaard_samlingen_3,inventory,,
17,scraper,AJP 2062,hoejgaard,DK,11.69494,55.54491,alleroed,40.6,33.6,12.7,20.42,Højgaard_samlingen_3,inventory,,
18,scraper,NG 2062 H 12/15 NV,hoejgaard,DK,11.69494,55.54491,alleroed,43.6,30.8,9.4,14.69,Højgaard_samlingen_3,inventory,,
19,scraper,KT 2062 H 12/15 SØ,hoejgaard,DK,11.69494,55.54491,alleroed,41.7,36.4,10.4,15.82,Højgaard_samlingen_3,inventory,,
20,scraper,AJO 2062,hoejgaard,DK,11.69494,55.54491,alleroed,38.8,27.1,9.5,11.19,Højgaard_samlingen_3,inventory,,
21,scraper,AOM 2062,hoejgaard,DK,11.69494,55.54491,alleroed,44.3,30,9.6,11.41,Højgaard_samlingen_3,inventory,,
22,scraper,AOR 2062,hoejgaard,DK,11.69494,55.54491,alleroed,41.7,29.8,10.4,12.15,Højgaard_samlingen_3,inventory,,
23,scraper,AFD 2062,hoejgaard,DK,11.69494,55.54491,alleroed,25.1,22.4,10,7.01,Højgaard_samlingen_3,inventory,,
24,scraper,ADT 2062,hoejgaard,DK,11.69494,55.54491,alleroed,58.8,22.2,10.2,13.92,Højgaard_samlingen_4,inventory,,
25,scraper,EC 2062 H 14/15 SØ,hoejgaard,DK,11.69494,55.54491,alleroed,41.3,24.5,9.2,10.9,Højgaard_samlingen_4,inventory,,
26,scraper,AOB 2062,hoejgaard,DK,11.69494,55.54491,alleroed,59.7,31.1,15.6,35.29,Højgaard_samlingen_4,inventory,,
27,scraper,AOL 2062,hoejgaard,DK,11.69494,55.54491,alleroed,43.4,25.3,7.8,8.79,Højgaard_samlingen_4,inventory,,
28,scraper,ALW 2062,hoejgaard,DK,11.69494,55.54491,alleroed,52.6,21.1,9.2,10.59,Højgaard_samlingen_4,inventory,,
29,scraper,ABY 2062,hoejgaard,DK,11.69494,55.54491,alleroed,23.4,12.4,6.5,2.03,Højgaard_samlingen_4,inventory,,
30,scraper,AO 206(2),hoejgaard,DK,11.69494,55.54491,alleroed,28.4,19.1,5.2,3.7,Højgaard_samlingen_4,inventory,,
31,scraper,LN 2062 H 12/15 NØ,hoejgaard,DK,11.69494,55.54491,alleroed,30.8,14.2,7.3,3.17,Højgaard_samlingen_4,inventory,,
32,scraper,AAP 2062,hoejgaard,DK,11.69494,55.54491,alleroed,33.2,18.1,6.3,3.99,Højgaard_samlingen_4,inventory,,
33,ltp,AEM 2062,hoejgaard,DK,11.69494,55.54491,alleroed,78.8,25.9,10.5,17.23,Højgaard_samlingen_1,inventory,,
34,ltp,ALB 2062,hoejgaard,DK,11.69494,55.54491,alleroed,80.2,17.1,5.5,7.34,Højgaard_samlingen_1,inventory,,
35,ltp,EL 2062 14/14 SØ,hoejgaard,DK,11.69494,55.54491,alleroed,53.4,17.3,6.3,7.09,Højgaard_samlingen_1,inventory,,
36,ltp,HA 2062 15/15 NV,hoejgaard,DK,11.69494,55.54491,alleroed,49.9,17.8,4.3,4.78,Højgaard_samlingen_1,inventory,,
37,ltp,ME 2062 12/14 NV,hoejgaard,DK,11.69494,55.54491,alleroed,54.6,19.6,6.3,5.6,Højgaard_samlingen_1,inventory,,
38,ltp,AEK 2062,hoejgaard,DK,11.69494,55.54491,alleroed,46.5,18.2,5.7,4.96,Højgaard_samlingen_1,inventory,,
39,ltp,FV 2062 14/15 SØ,hoejgaard,DK,11.69494,55.54491,alleroed,41.1,15.6,5.3,4.44,Højgaard_samlingen_1,inventory,,
40,ltp,DX 2062 14/15 SV,hoejgaard,DK,11.69494,55.54491,alleroed,24.2,17.6,5.4,2.19,Højgaard_samlingen_1,inventory,,
41,ltp,QO 2062 12/11 NV,hoejgaard,DK,11.69494,55.54491,alleroed,27.2,12.3,4.6,14.1,Højgaard_samlingen_1,inventory,,
42,ltp,56 P9,hoejgaard,DK,11.69494,55.54491,alleroed,20.3,12,4.3,0.98,Højgaard_samlingen_1,inventory,,
43,abp,14_7,borneck,DE,10.21856,53.64809,alleroed,47.5,12.1,,,,"Rust 1958, tafel 14",Tafel 14,
44,abp,14_9,borneck,DE,10.21856,53.64809,alleroed,58.9,18.9,,,,Rust 1958,Tafel 14,
45,abp,14_10,borneck,DE,10.21856,53.64809,alleroed,51,16.2,,,,Rust 1958,Tafel 14,
46,abp,14_13,borneck,DE,10.21856,53.64809,alleroed,60,12.5,,,,Rust 1958,Tafel 14,
47,abp,14_14,borneck,DE,10.21856,53.64809,alleroed,73.9,13,,,,Rust 1958,Tafel 14,
48,ltp,25_19,borneck,DE,10.21856,53.64809,alleroed,68.4,12,,,,Rust 1958,Tafel 25,
49,ltp,25_21,borneck,DE,10.21856,53.64809,alleroed,70.5,10.2,,,,Rust 1958,Tafel 25,
50,ltp,25_22,borneck,DE,10.21856,53.64809,alleroed,72,18.9,,,,Rust 1958,Tafel 25,
51,ltp,25_23,borneck,DE,10.21856,53.64809,alleroed,58.4,19.4,,,,Rust 1958,Tafel 25,
53,abp,26_6,borneck,DE,10.21856,53.64809,alleroed,49.2,11.1,,,,Rust 1958,Tafel 26,
54,abp,26_7,borneck,DE,10.21856,53.64809,alleroed,44.1,10.9,,,,Rust 1958,Tafel 26,
55,ltp,34_1,trollesgave,DK,11.80265,55.28307,alleroed,65.2,13.3,,,,Fischer 1990,p. 34,
56,ltp,34_2,trollesgave,DK,11.80265,55.28307,alleroed,48.5,18.6,,,,Fischer 1990,p. 34,
57,ltp,34_3,trollesgave,DK,11.80265,55.28307,alleroed,67.8,14.6,,,,Fischer 1990,p. 34,
58,ltp,6_1,bromme,DK,11.51391,55.48942,alleroed,115.5,20.3,,,,Mathiassen 1946,"Fig. 6, p. 143",
59,ltp,6_2,bromme,DK,11.51391,55.48942,alleroed,105,24,,,,Mathiassen 1946,"Fig. 6, p. 143",
60,ltp,6_3,bromme,DK,11.51391,55.48942,alleroed,96,22.5,,,,Mathiassen 1946,"Fig. 6, p. 143",
61,ltp,6_4,bromme,DK,11.51391,55.48942,alleroed,85.5,33,,,,Mathiassen 1946,"Fig. 6, p. 143",
62,ltp,6_5,bromme,DK,11.51391,55.48942,alleroed,77.3,21,,,,Mathiassen 1946,"Fig. 6, p. 143",
63,ltp,6_6,bromme,DK,11.51391,55.48942,alleroed,51,18,,,,Mathiassen 1946,"Fig. 6, p. 143",
64,ltp,6_7,bromme,DK,11.51391,55.48942,alleroed,61.5,14.3,,,,Mathiassen 1946,"Fig. 6, p. 143",
65,ltp,6_8,bromme,DK,11.51391,55.48942,alleroed,69,15,,,,Mathiassen 1946,"Fig. 6, p. 143",
66,ltp,6_9,bromme,DK,11.51391,55.48942,alleroed,66,16.5,,,,Mathiassen 1946,"Fig. 6, p. 143",
67,ltp,6_10,bromme,DK,11.51391,55.48942,alleroed,52.5,25.5,,,,Mathiassen 1946,"Fig. 6, p. 143",
68,ltp,6_11,bromme,DK,11.51391,55.48942,alleroed,53.3,21,,,,Mathiassen 1946,"Fig. 6, p. 143",
69,ltp,6_12,bromme,DK,11.51391,55.48942,alleroed,57,18,,,,Mathiassen 1946,"Fig. 6, p. 143",
70,ltp,6_13,bromme,DK,11.51391,55.48942,alleroed,62.3,21.8,,,,Mathiassen 1946,"Fig. 6, p. 143",
71,ltp,6_14,bromme,DK,11.51391,55.48942,alleroed,57,16.5,,,,Mathiassen 1946,"Fig. 6, p. 143",
72,ltp,6_15,bromme,DK,11.51391,55.48942,alleroed,51,15,,,,Mathiassen 1946,"Fig. 6, p. 143",
73,ltp,6_16,bromme,DK,11.51391,55.48942,alleroed,46.5,18,,,,Mathiassen 1946,"Fig. 6, p. 143",
74,ltp,14_1,bromme,DK,11.51391,55.48942,alleroed,70.5,25.5,,,,Mathiassen 1946,"Fig. 14,  p. 154",
75,ltp,14_2,bromme,DK,11.51391,55.48942,alleroed,82.5,22.5,,,,Mathiassen 1946,"Fig. 14,  p. 154",
76,ltp,14_3,bromme,DK,11.51391,55.48942,alleroed,62.3,21.8,,,,Mathiassen 1946,"Fig. 14,  p. 154",
77,ltp,14_4,bromme,DK,11.51391,55.48942,alleroed,52.5,18,,,,Mathiassen 1946,"Fig. 14,  p. 154",
78,ltp,14_5,bromme,DK,11.51391,55.48942,alleroed,46.5,17.3,,,,Mathiassen 1946,"Fig. 14,  p. 154",
79,ltp,16_1,bromme,DK,11.51391,55.48942,alleroed,83.3,28.5,,,,Mathiassen 1946,"Fig. 16, p. 158",
80,ltp,16_2,bromme,DK,11.51391,55.48942,alleroed,66,28.5,,,,Mathiassen 1946,"Fig. 16, p. 158",
81,ltp,16_3,bromme,DK,11.51391,55.48942,alleroed,70.5,22.5,,,,Mathiassen 1946,"Fig. 16, p. 158",
82,ltp,16_4,bromme,DK,11.51391,55.48942,alleroed,76.5,19.5,,,,Mathiassen 1946,"Fig. 16, p. 158",
83,ltp,16_5,bromme,DK,11.51391,55.48942,alleroed,60,26.5,,,,Mathiassen 1946,"Fig. 16, p. 158",
84,ltp,16_6,bromme,DK,11.51391,55.48942,alleroed,55.5,25.5,,,,Mathiassen 1946,"Fig. 16, p. 158",
85,ltp,16_7,bromme,DK,11.51391,55.48942,alleroed,60.8,19.5,,,,Mathiassen 1946,"Fig. 16, p. 158",
86,ltp,16_8,bromme,DK,11.51391,55.48942,alleroed,51.8,23.3,,,,Mathiassen 1946,"Fig. 16, p. 158",
87,ltp,16_9,bromme,DK,11.51391,55.48942,alleroed,60,27,,,,Mathiassen 1946,"Fig. 16, p. 158",
88,ltp,16_10,bromme,DK,11.51391,55.48942,alleroed,57,18,,,,Mathiassen 1946,"Fig. 16, p. 158",
89,ltp,16_11,bromme,DK,11.51391,55.48942,alleroed,74.3,25.5,,,,Mathiassen 1946,"Fig. 16, p. 158",
90,ltp,16_12,bromme,DK,11.51391,55.48942,alleroed,45,21.8,,,,Mathiassen 1946,"Fig. 16, p. 158",
91,ltp,16_13,bromme,DK,11.51391,55.48942,alleroed,51,18,,,,Mathiassen 1946,"Fig. 16, p. 158",
92,ltp,16_14,bromme,DK,11.51391,55.48942,alleroed,67.5,19.5,,,,Mathiassen 1946,"Fig. 16, p. 158",
93,ltp,16_15,bromme,DK,11.51391,55.48942,alleroed,74.3,15,,,,Mathiassen 1946,"Fig. 16, p. 158",
94,ltp,16_16,bromme,DK,11.51391,55.48942,alleroed,62.3,16.5,,,,Mathiassen 1946,"Fig. 16, p. 158",
95,ltp,16_17,bromme,DK,11.51391,55.48942,alleroed,85.5,31.5,,,,Mathiassen 1946,"Fig. 16, p. 158",
96,ltp,16_18,bromme,DK,11.51391,55.48942,alleroed,45,15,,,,Mathiassen 1946,"Fig. 16, p. 158",
97,ltp,16_19,bromme,DK,11.51391,55.48942,alleroed,35.3,9.8,,,,Mathiassen 1946,"Fig. 16, p. 158",
98,ltp,16_20,bromme,DK,11.51391,55.48942,alleroed,39,12,,,,Mathiassen 1946,"Fig. 16, p. 158",
99,ltp,14_F,bromme,DK,11.51391,55.48942,alleroed,57.9,17.3,,,,Fischer & Nielsen 1987,Fig. 14,
100,ltp,17_B,bromme,DK,11.51391,55.48942,alleroed,71.8,19.3,,,,Fischer & Nielsen 1987,Fig. 17,
101,ltp,17_D,bromme,DK,11.51391,55.48942,alleroed,68.5,23.9,,,,Fischer & Nielsen 1987,Fig. 17,
102,ltp,17_F,bromme,DK,11.51391,55.48942,alleroed,46.6,15.9,,,,Fischer & Nielsen 1987,Fig. 17,
103,scraper,13_1,borneck,DE,10.21856,53.64809,alleroed,35,18,,,,Rust 1958,Tafel 13,
104,scraper,13_2,borneck,DE,10.21856,53.64809,alleroed,35,19.5,,,,Rust 1958,Tafel 13,
105,scraper,13_3,borneck,DE,10.21856,53.64809,alleroed,29,16,,,,Rust 1958,Tafel 13,
106,scraper,13_4,borneck,DE,10.21856,53.64809,alleroed,34.5,25,,,,Rust 1958,Tafel 13,
107,scraper,13_5,borneck,DE,10.21856,53.64809,alleroed,38,16,,,,Rust 1958,Tafel 13,
108,scraper,13_6,borneck,DE,10.21856,53.64809,alleroed,42.5,21.5,,,,Rust 1958,Tafel 13,
109,scraper,13_7,borneck,DE,10.21856,53.64809,alleroed,45,22,,,,Rust 1958,Tafel 13,
110,scraper,13_8,borneck,DE,10.21856,53.64809,alleroed,53.5,21,,,,Rust 1958,Tafel 13,
111,scraper,13_9,borneck,DE,10.21856,53.64809,alleroed,43.9,26,,,,Rust 1958,Tafel 13,
112,scraper,13_10,borneck,DE,10.21856,53.64809,alleroed,42,23.5,,,,Rust 1958,Tafel 13,
113,scraper,13_11,borneck,DE,10.21856,53.64809,alleroed,39,18.5,,,,Rust 1958,Tafel 13,
114,scraper,13_12,borneck,DE,10.21856,53.64809,alleroed,48,15.5,,,,Rust 1958,Tafel 13,
115,scraper,13_13,borneck,DE,10.21856,53.64809,alleroed,48,41,,,,Rust 1958,Tafel 13,
116,scraper,13_14,borneck,DE,10.21856,53.64809,alleroed,42.5,18.6,,,,Rust 1958,Tafel 13,
117,scraper,13_15,borneck,DE,10.21856,53.64809,alleroed,34.9,22,,,,Rust 1958,Tafel 13,
118,scraper,13_17,borneck,DE,10.21856,53.64809,alleroed,66.5,20,,,,Rust 1958,Tafel 13,
119,scraper,13_18,borneck,DE,10.21856,53.64809,alleroed,76,33,,,,Rust 1958,Tafel 13,
120,scraper,13_19,borneck,DE,10.21856,53.64809,alleroed,65.5,24,,,,Rust 1958,Tafel 13,
121,scraper,13_20,borneck,DE,10.21856,53.64809,alleroed,62,16.9,,,,Rust 1958,Tafel 13,
122,scraper,25_10,borneck,DE,10.21856,53.64809,alleroed,41.5,43,,,,Rust 1958,Tafel 25,
123,scraper,25_15,borneck,DE,10.21856,53.64809,alleroed,69,37,,,,Rust 1958,Tafel 25,
124,scraper,25_16,borneck,DE,10.21856,53.64809,alleroed,65.1,23.9,,,,Rust 1958,Tafel 25,
125,scraper,25_17,borneck,DE,10.21856,53.64809,alleroed,61.2,22.5,,,,Rust 1958,Tafel 25,
126,scraper,26_10,borneck,DE,10.21856,53.64809,alleroed,33.1,18,,,,Rust 1958,Tafel 26,
127,scraper,26_11,borneck,DE,10.21856,53.64809,alleroed,30.8,21.1,,,,Rust 1958,Tafel 26,
128,scraper,26_12,borneck,DE,10.21856,53.64809,alleroed,39.1,32,,,,Rust 1958,Tafel 26,
129,scraper,26_13,borneck,DE,10.21856,53.64809,alleroed,27,32.3,,,,Rust 1958,Tafel 26,
130,scraper,26_14,borneck,DE,10.21856,53.64809,alleroed,29.1,22,,,,Rust 1958,Tafel 26,
131,scraper,26_15,borneck,DE,10.21856,53.64809,alleroed,48.4,24.8,,,,Rust 1958,Tafel 26,
132,scraper,26_18,borneck,DE,10.21856,53.64809,alleroed,44.6,31.5,,,,Rust 1958,Tafel 26,
133,scraper,26_19,borneck,DE,10.21856,53.64809,alleroed,42.8,24.3,,,,Rust 1958,Tafel 26,
134,scraper,26_20,borneck,DE,10.21856,53.64809,alleroed,71.4,29,,,,Rust 1958,Tafel 26,
135,scraper,26_24,borneck,DE,10.21856,53.64809,alleroed,61.9,44.1,,,,Rust 1958,Tafel 26,
136,scraper,34_4,trollesgave,DK,11.80265,55.28307,alleroed,49.2,25.3,,,,Fischer 1990,p. 34,
137,scraper,34_5,trollesgave,DK,11.80265,55.28307,alleroed,49.2,29.3,,,,Fischer 1990,p. 34,
138,scraper,34_6,trollesgave,DK,11.80265,55.28307,alleroed,31.9,29.3,,,,Fischer 1990,p. 34,
139,scraper,585,borneck,DE,10.21856,53.64809,alleroed,30,13.9,,,,Kotthaus 2013,"Fig. 33, p. 88",
140,scraper,336,borneck,DE,10.21856,53.64809,alleroed,36.6,17.7,,,,Kotthaus 2013,"Fig. 33, p. 88",
141,scraper,1180,borneck,DE,10.21856,53.64809,alleroed,40.8,20,,,,Kotthaus 2013,"Fig. 33, p. 88",
142,scraper,230,borneck,DE,10.21856,53.64809,alleroed,33.1,20.8,,,,Kotthaus 2013,"Fig. 33, p. 88",
143,scraper,1315,borneck,DE,10.21856,53.64809,alleroed,71.9,21.8,,,,Kotthaus 2013,"Fig. 34, p. 88",
144,scraper,1273,borneck,DE,10.21856,53.64809,alleroed,66.1,42.5,,,,Kotthaus 2013,"Fig. 34, p. 88",
145,scraper,1156,borneck,DE,10.21856,53.64809,alleroed,48.4,28.3,,,,Kotthaus 2013,"Fig. 34, p. 88",
146,scraper,7_1,bromme,DK,11.51391,55.48942,alleroed,35.3,36.8,,,,Mathiassen 1946,"Fig. 7, p. 145",
147,scraper,7_2,bromme,DK,11.51391,55.48942,alleroed,51,37.5,,,,Mathiassen 1946,"Fig. 7, p. 145",
148,scraper,7_3,bromme,DK,11.51391,55.48942,alleroed,48,30.8,,,,Mathiassen 1946,"Fig. 7, p. 145",
149,scraper,7_4,bromme,DK,11.51391,55.48942,alleroed,40.5,28.5,,,,Mathiassen 1946,"Fig. 7, p. 145",
150,scraper,7_5,bromme,DK,11.51391,55.48942,alleroed,33,24,,,,Mathiassen 1946,"Fig. 7, p. 145",
151,scraper,7_6,bromme,DK,11.51391,55.48942,alleroed,78,31.5,,,,Mathiassen 1946,"Fig. 7, p. 145",
152,scraper,7_7,bromme,DK,11.51391,55.48942,alleroed,63,22.5,,,,Mathiassen 1946,"Fig. 7, p. 145",
153,scraper,7_8,bromme,DK,11.51391,55.48942,alleroed,49.5,23.3,,,,Mathiassen 1946,"Fig. 7, p. 145",
154,scraper,7_9,bromme,DK,11.51391,55.48942,alleroed,50.3,21,,,,Mathiassen 1946,"Fig. 7, p. 145",
155,scraper,7_10,bromme,DK,11.51391,55.48942,alleroed,35.3,22.5,,,,Mathiassen 1946,"Fig. 7, p. 145",
156,scraper,7_11,bromme,DK,11.51391,55.48942,alleroed,30,21,,,,Mathiassen 1946,"Fig. 7, p. 145",
157,scraper,17_1,bromme,DK,11.51391,55.48942,alleroed,61.5,43.5,,,,Mathiassen 1946,"Fig. 17, p. 159",
158,scraper,17_2,bromme,DK,11.51391,55.48942,alleroed,42,25.5,,,,Mathiassen 1946,"Fig. 17, p. 159",
159,scraper,17_3,bromme,DK,11.51391,55.48942,alleroed,40.5,26.3,,,,Mathiassen 1946,"Fig. 17, p. 159",
160,scraper,17_4,bromme,DK,11.51391,55.48942,alleroed,33,19.5,,,,Mathiassen 1946,"Fig. 17, p. 159",
161,scraper,13_A,bromme,DK,11.51391,55.48942,alleroed,37.9,27.9,,,,Fischer & Nielsen 1987,Fig. 13,
162,scraper,13_B,bromme,DK,11.51391,55.48942,alleroed,30.6,18.6,,,,Fischer & Nielsen 1987,Fig. 13,
163,scraper,13_C,bromme,DK,11.51391,55.48942,alleroed,31.9,21.3,,,,Fischer & Nielsen 1987,Fig. 13,
164,scraper,13_D,bromme,DK,11.51391,55.48942,alleroed,35.9,30.6,,,,Fischer & Nielsen 1987,Fig. 13,
165,scraper,13_E,bromme,DK,11.51391,55.48942,alleroed,57.2,28.6,,,,Fischer & Nielsen 1987,Fig. 13,
166,scraper,16_A,bromme,DK,11.51391,55.48942,alleroed,71.2,21.9,,,,Fischer & Nielsen 1987,Fig. 16,
167,scraper,16_B,bromme,DK,11.51391,55.48942,alleroed,78.5,29.3,,,,Fischer & Nielsen 1987,Fig. 16,
168,scraper,16_C,bromme,DK,11.51391,55.48942,alleroed,55.9,23.9,,,,Fischer & Nielsen 1987,Fig. 16,
169,scraper,16_D,bromme,DK,11.51391,55.48942,alleroed,39.9,25.3,,,,Fischer & Nielsen 1987,Fig. 16,
170,scraper,16_E,bromme,DK,11.51391,55.48942,alleroed,33.3,25.3,,,,Fischer & Nielsen 1987,Fig. 16,
171,scraper,16_F,bromme,DK,11.51391,55.48942,alleroed,41.2,30.6,,,,Fischer & Nielsen 1987,Fig. 16,
172,scraper,19_A,bromme,DK,11.51391,55.48942,alleroed,58.5,22.6,,,,Fischer & Nielsen 1987,Fig. 19,
173,scraper,19_B,bromme,DK,11.51391,55.48942,alleroed,46.6,27.9,,,,Fischer & Nielsen 1987,Fig. 19,
174,scraper,19_C,bromme,DK,11.51391,55.48942,alleroed,51.9,22.6,,,,Fischer & Nielsen 1987,Fig. 19,
175,scraper,19_D,bromme,DK,11.51391,55.48942,alleroed,63.2,25.3,,,,Fischer & Nielsen 1987,Fig. 19,
176,scraper,19_E,bromme,DK,11.51391,55.48942,alleroed,35.9,21.3,,,,Fischer & Nielsen 1987,Fig. 19,
177,scraper,19_F,bromme,DK,11.51391,55.48942,alleroed,59.9,26.6,,,,Fischer & Nielsen 1987,Fig. 19,
178,scraper,19_G,bromme,DK,11.51391,55.48942,alleroed,47.2,22.6,,,,Fischer & Nielsen 1987,Fig. 19,
179,ltp,100/123:1004,trollesgave,DK,11.80265,55.28307,alleroed,52.1,29.3,17.5,24.47,,,,
180,hp,1356_1148,jels_1,DK,9.240096,55.375035,boelling,37.4,11.2,3.8,1.23,,,,
181,hp,1356_1753_2213,jels_1,DK,9.240096,55.375035,boelling,78,15.2,5.5,4.57,,,,
182,hp,1610_114_251_668,jels_2,DK,9.240096,55.375035,boelling,63.3,9.9,4.8,2.6,,,,
183,hp,1610_241,jels_2,DK,9.240096,55.375035,boelling,51.1,10.1,4.4,1.77,,,,
184,hp,1610_379_1218,jels_2,DK,9.240096,55.375035,boelling,60.7,12.1,3.9,2.67,,,,
185,hp,1610_628,jels_2,DK,9.240096,55.375035,boelling,64.4,11,3.3,2.51,,,,
186,hp,1610_704,jels_2,DK,9.240096,55.375035,boelling,47.3,11.5,3.2,1.66,,,,
187,hp,1610_729_2702,jels_2,DK,9.240096,55.375035,boelling,56.6,10.4,3.5,1.79,,,,
188,hp,1610_734_2523_2547,jels_2,DK,9.240096,55.375035,boelling,78,10.7,3.2,3.33,,,,
189,hp,1610_1306,jels_2,DK,9.240096,55.375035,boelling,53.6,10.9,4,20.4,,,,
190,hp,1610_1473_1475,jels_2,DK,9.240096,55.375035,boelling,60.9,10.7,3.9,2.6,,,,
191,hp,1610_1554_1554,jels_2,DK,9.240096,55.375035,boelling,58,9.6,4.1,1.97,,,,
192,hp,1610_1720,jels_2,DK,9.240096,55.375035,boelling,41.6,9.4,3.8,1.35,,,,
193,hp,1610_2069,jels_2,DK,9.240096,55.375035,boelling,58.6,11.3,4.3,2.69,,,,
194,hp,1610_2188,jels_2,DK,9.240096,55.375035,boelling,36.1,7.3,3.2,0.87,,,,
195,hp,1610_2190,jels_2,DK,9.240096,55.375035,boelling,42.6,8.2,2.8,1.07,,,,
196,hp,1610_2304,jels_2,DK,9.240096,55.375035,boelling,45.5,11.2,4.9,2.25,,,,
197,hp,1610_2419,jels_2,DK,9.240096,55.375035,boelling,40.5,12.1,4,1.93,,,,perhaps retooled into borer?
198,hp,1610_2618,jels_2,DK,9.240096,55.375035,boelling,37.3,7.5,2.5,0.73,,,,
199,hp,1610_2657,jels_2,DK,9.240096,55.375035,boelling,53.9,12.1,4.1,2.14,,,,
200,hp,1610_2680,jels_2,DK,9.240096,55.375035,boelling,35.3,8.6,2.8,0.83,,,,
201,hp,1610_2738,jels_2,DK,9.240096,55.375035,boelling,42.5,9.5,2.4,1.13,,,,
203,scraper,1610_71,jels_2,DK,9.240096,55.375035,boelling,36.5,16.3,5.9,4.31,,,,fragmented?
205,scraper,1610_189,jels_2,DK,9.240096,55.375035,boelling,46.5,15.9,6.4,5.11,,,,
206,scraper,1610_194,jels_2,DK,9.240096,55.375035,boelling,72.2,25.2,9.4,18.04,,,,
214,scraper,1610_386,jels_2,DK,9.240096,55.375035,boelling,55.6,30.5,9.1,13.27,,,,
215,scraper,1610_414,jels_2,DK,9.240096,55.375035,boelling,64.4,21.6,10.6,13.09,,,,borer in opposite end
216,scraper,1610_504,jels_2,DK,9.240096,55.375035,boelling,47,20.3,7.4,6.03,,,,
217,scraper,1610_544,jels_2,DK,9.240096,55.375035,boelling,56.8,25.9,7.6,15.01,,,,scraperedge in both ends
218,scraper,1610_663,jels_2,DK,9.240096,55.375035,boelling,91.2,38.7,7.6,31.4,,,,
219,scraper,1610_733,jels_2,DK,9.240096,55.375035,boelling,44.1,19,6.1,4.83,,,,
220,scraper,1610_840,jels_2,DK,9.240096,55.375035,boelling,61.9,25.3,9,13.97,,,,borer in opposite end
221,scraper,1610_919,jels_2,DK,9.240096,55.375035,boelling,53.3,22.8,9.2,10.81,,,,borer in opposite end
222,scraper,1610_1171,jels_2,DK,9.240096,55.375035,boelling,58.7,18.6,9,10.84,,,,
223,scraper,1610_1237,jels_2,DK,9.240096,55.375035,boelling,44.6,15.7,5.6,3.51,,,,
224,scraper,1610_1289,jels_2,DK,9.240096,55.375035,boelling,45.8,18.7,8,7.79,,,,fragmented?
225,scraper,1610_1327,jels_2,DK,9.240096,55.375035,boelling,49.5,21.5,8.2,11.94,,,,fragmented?
226,scraper,1610_1446,jels_2,DK,9.240096,55.375035,boelling,84,19,6.9,9.28,,,,
227,scraper,1610_1558,jels_2,DK,9.240096,55.375035,boelling,50,23.4,6.4,7.15,,,,fragmented?
228,scraper,1610_1566,jels_2,DK,9.240096,55.375035,boelling,43.2,16.4,4.7,3.57,,,,borer in opposite end
229,scraper,1610_1942,jels_2,DK,9.240096,55.375035,boelling,57.5,26.1,7.7,14.54,,,,scraperedge in both ends
230,scraper,1610_2006,jels_2,DK,9.240096,55.375035,boelling,58.6,16.3,7.2,7.58,,,,borer in opposite end
231,scraper,1610_2008,jels_2,DK,9.240096,55.375035,boelling,54.5,19.9,4.5,5.81,,,,
232,scraper,1610_2285,jels_2,DK,9.240096,55.375035,boelling,43.5,17.4,6.1,4.88,,,,borer in opposite end
233,scraper,1610_2409,jels_2,DK,9.240096,55.375035,boelling,53.3,21.4,6.2,6.23,,,,borer in opposite end
234,scraper,1610_2443,jels_2,DK,9.240096,55.375035,boelling,70.2,25.1,6.5,12.32,,,,
235,scraper,1610_2470,jels_2,DK,9.240096,55.375035,boelling,61.6,23.7,7.8,11.87,,,,
236,scraper,1610_2085,jels_2,DK,9.240096,55.375035,boelling,42.4,17.4,7.1,5.43,,,,
237,scraper,1610_2562,jels_2,DK,9.240096,55.375035,boelling,39.6,22.1,7.5,8.52,,,,scraperedge in both ends
238,scraper,1610_2576,jels_2,DK,9.240096,55.375035,boelling,56.2,19.3,9.6,10.62,,,,borer in opposite end
239,scraper,1356_5,jels_1,DK,9.240096,55.375035,boelling,46.9,19.8,8,7.86,,,,
240,scraper,1356_279,jels_1,DK,9.240096,55.375035,boelling,29.3,20.3,4.6,2.93,,,,wehlen
241,scraper,1356_378,jels_1,DK,9.240096,55.375035,boelling,40.6,29.9,9.5,12.47,,,,wehlen
242,scraper,1356_423,jels_1,DK,9.240096,55.375035,boelling,44,23.4,9.1,13.09,,,,
243,scraper,1356_427,jels_1,DK,9.240096,55.375035,boelling,48.6,25.3,10.2,13.7,,,,wehlen
244,scraper,1356_455,jels_1,DK,9.240096,55.375035,boelling,42.8,25,8.3,7.88,,,,wehlen
245,scraper,1356_718,jels_1,DK,9.240096,55.375035,boelling,35.6,21.2,9.5,7.32,,,,wehlen
246,scraper,1356_1154,jels_1,DK,9.240096,55.375035,boelling,39.5,24.6,4.3,5.61,,,,
247,scraper,1356_1763,jels_1,DK,9.240096,55.375035,boelling,36.7,20.6,6.7,6.72,,,,
248,scraper,1356_1883,jels_1,DK,9.240096,55.375035,boelling,33.1,25,4.8,4.47,,,,wehlen
249,scraper,1356_1894,jels_1,DK,9.240096,55.375035,boelling,43.9,25,9.8,11.25,,,,wehlen
250,scraper,1356_2022,jels_1,DK,9.240096,55.375035,boelling,67.4,16.6,6.1,6.48,,,,
251,scraper,1356_2096,jels_1,DK,9.240096,55.375035,boelling,56.3,23.2,6.7,9.14,,,,
252,scraper,1356_2648,jels_1,DK,9.240096,55.375035,boelling,37,19.4,8.4,6.49,,,,
253,scraper,1356_2659,jels_1,DK,9.240096,55.375035,boelling,41.1,23.4,8.4,10.15,,,,wehlen
,arrow,50.2/5213E,California,,,,present,41.1,16.5,3.6,2.0,,,,
,arrow,50.2/5213F,California,,,,present,38.2,16.0,4.1,2.1,,,,
,arrow,50.2/5213A,California,,,,present,44.7,15.4,3.6,2.0,,,,
,arrow,50.1/6135D,"Hupa (Klamath River, California)",,,,present,33.7,12.6,3.8,1.7,,,,
,arrow,50.1/6135G,"Hupa (Klamath River, California)",,,,present,32.6,17.6,4.2,2.0,,,,
,arrow,50.1/6135B,"Hupa (Klamath River, California)",,,,present,35.0,19.6,5.2,3.0,,,,
,arrow,50.1/2206D,Blackfoot,,,,present,30.1,17.5,4.5,1.9,,,,
,arrow,50.2/2488,Unlocalized Plains,,,,present,36.0,17.9,4.2,2.2,,,,
,arrow,50/9144B,White Mt. Apache (Arizona),,,,present,37.2,13.3,4.2,1.7,,,,
,arrow,1/2337,Mt. Indians (Coast Range California),,,,present,31.0,14.6,3.0,1.1,,,,
,arrow,50/1650B,Shasta (California),,,,present,27.8,14.9,4.4,1.5,,,,
,arrow,50.1/5902,Menomini (Wisconsin),,,,present,75.9,28.5,9.8,17.4,,,,
,arrow,50/284C,"Noko (Mooretown, California)",,,,present,24.8,12.8,3.1,0.8,,,,
,arrow,50/881A,Towallamings,,,,present,22.5,12.4,2.2,0.5,,,,
,arrow,50/881G,Towallamings,,,,present,19.3,12.2,2.3,0.4,,,,
,arrow,50/881H,Towallamings,,,,present,21.6,12.5,2.9,0.6,,,,
,arrow,50/881C,Towallamings,,,,present,20.5,11.8,2.7,0.5,,,,
,arrow,50/881E,Towallamings,,,,present,23.3,11.6,2.7,0.6,,,,
,arrow,50/881L,Towallamings,,,,present,21.0,12.5,2.8,0.6,,,,
,arrow,50.2/1129,Unlocalized North America,,,,present,37.7,29.3,8.2,7.4,,,,
,arrow,50/9163A,White Mt. Apache (Arizona),,,,present,29.0,16.2,4.2,1.6,,,,
,arrow,50/9163B,White Mt. Apache (Arizona),,,,present,30.8,18.1,3.7,1.7,,,,
,arrow,50.1/2625D,Nambe New Mexico,,,,present,15.0,11.2,2.5,0.3,,,,
,arrow,50.2/1233,Zuni (Arizona),,,,present,32.7,16.4,4.7,2.0,,,,
,arrow,50.1/2625A,Nambe New Mexico,,,,present,17.0,10.8,1.8,0.3,,,,
,arrow,50.2/2486,Unlocalized Plains,,,,present,27.9,14.2,4.2,1.4,,,,
,arrow,50/9144B,White Mt. Apache (Arizona),,,,present,35.1,13.8,3.3,1.3,,,,
,arrow,50/5757F,Apache,,,,present,17.2,9.6,2.3,0.3,,,,
,arrow,50.1/4868,Narez (Sonora),,,,present,21.2,15.4,4.0,1.0,,,,
,arrow,H/4594,Unlocalized North America,,,,present,32.5,10.6,3.2,0.9,,,,
,arrow,16/8642B,Thompson River,,,,present,22.9,11.6,4.1,0.9,,,,
,arrow,50/9144B,White Mt. Apache (Arizona),,,,present,32.5,12.2,4.4,1.4,,,,
,arrow,50/9144B,White Mt. Apache (Arizona),,,,present,35.1,12.8,3.5,1.3,,,,
,arrow,50.2/2483,Unlocalized Plains,,,,present,18.0,9.9,2.7,0.4,,,,
,arrow,50.1/2720A,San Idlefonso (New Mexico),,,,present,19.7,11.0,2.5,0.4,,,,
,arrow,50.1/2720B,San Idlefonso (New Mexico),,,,present,18.8,11.7,3.5,0.6,,,,
,arrow,50.1/2720C,San Idlefonso (New Mexico),,,,present,14.9,9.2,2.6,0.3,,,,
,arrow,50/9834,Menomini Reservation (Wisconsin),,,,present,52.1,32.4,9.0,12.4,,,,
,arrow,50/9144B,White Mt. Apache (Arizona),,,,present,29.0,12.5,4.0,1.2,,,,
,arrow,50/9144B,White Mt. Apache (Arizona),,,,present,37.4,13.5,3.7,1.5,,,,
,arrow,50/9144B,White Mt. Apache (Arizona),,,,present,40.4,13.5,5.0,2.2,,,,
,arrow,50/9144B,White Mt. Apache (Arizona),,,,present,38.3,12.6,5.0,2.0,,,,
,arrow,50/9144B,White Mt. Apache (Arizona),,,,present,37.2,12.3,4.1,1.5,,,,
,arrow,50/9144B,White Mt. Apache (Arizona),,,,present,41.2,13.1,4.4,1.9,,,,
,arrow,50/9144B,White Mt. Apache (Arizona),,,,present,36.4,13.4,5.0,2.0,,,,
,arrow,50/9144B,White Mt. Apache (Arizona),,,,present,30.9,14.3,4.3,1.6,,,,
,arrow,50/9144B,White Mt. Apache (Arizona),,,,present,33.7,13.2,5.5,2.0,,,,
,arrow,50/9144B,White Mt. Apache (Arizona),,,,present,34.6,13.2,4.7,1.8,,,,
,arrow,50/9144B,White Mt. Apache (Arizona),,,,present,35.0,14.2,5.8,2.4,,,,
,arrow,50/9144B,White Mt. Apache (Arizona),,,,present,31.0,12.0,4.4,1.3,,,,
,arrow,50/9144B,White Mt. Apache (Arizona),,,,present,40.8,12.8,4.8,2.0,,,,
,arrow,50/9144B,White Mt. Apache (Arizona),,,,present,32.5,12.6,4.4,1.5,,,,
,arrow,50/9116C,White Mt. Apache (Arizona),,,,present,43.6,24.1,4.8,4.1,,,,
,arrow,50.2/3777,"Paviotso (Pyramid Lake, Nevada)",,,,present,21.8,19.3,3.1,1.0,,,,
,arrow,50.2/3776,"Paviotso (Pyramid Lake, Nevada)",,,,present,26.9,20.4,7.0,3.1,,,,
,arrow,50/9144B,White Mt. Apache (Arizona),,,,present,37.8,13.4,5.4,2.4,,,,
,arrow,50/9144B,White Mt. Apache (Arizona),,,,present,37.8,13.0,4.6,1.8,,,,
,arrow,50/9144C,White Mt. Apache (Arizona),,,,present,40.0,12.6,5.7,2.3,,,,
,arrow,50/9144B,White Mt. Apache (Arizona),,,,present,29.0,14.5,5.1,1.8,,,,
,arrow,50/284B,"Noko (Mooretown, California)",,,,present,26.0,12.2,3.6,0.9,,,,
,arrow,50.1/6525A,Papago,,,,present,21.0,10.3,5.3,0.9,,,,
,arrow,A5-,Unlocalized North America,,,,present,43.0,20.9,3.7,2.7,,,,
,arrow,A7-,Unlocalized North America,,,,present,51.8,22.4,4.1,3.9,,,,
,arrow,A9-,Unlocalized North America,,,,present,43.2,18.4,4.3,2.8,,,,
,arrow,A8-,Unlocalized North America,,,,present,35.5,18.0,6.3,3.3,,,,
,arrow,A2-,Unlocalized North America,,,,present,45.0,18.9,2.8,1.9,,,,
,arrow,A6-,Unlocalized North America,,,,present,55.4,24.0,3.4,3.7,,,,
,arrow,A1-,Unlocalized North America,,,,present,42.6,20.0,3.0,2.1,,,,
,arrow,A3-,Unlocalized North America,,,,present,40.0,17.9,4.6,2.7,,,,
,arrow,50/1650A,Shasta (California),,,,present,30.0,16.6,4.8,2.0,,,,
,arrow,50/1650C,Shasta (California),,,,present,33.9,14.4,4.6,1.8,,,,
,arrow,50/4148A,Hot Creek (California),,,,present,24.9,11.7,3.2,0.8,,,,
,arrow,50/4148C,Hot Creek (California),,,,present,31.4,12.8,4.2,1.4,,,,
,arrow,50/4148B,Hot Creek (California),,,,present,38.0,12.7,4.7,1.9,,,,
,arrow,50/4148,Hot Creek (California),,,,present,29.5,12.1,3.0,0.9,,,,
,arrow,50/4107B,Metawhiya,,,,present,27.7,15.1,6.0,2.0,,,,
,arrow,50/4107E,Metawhiya,,,,present,19.8,13.3,3.8,0.8,,,,
,arrow,50/4109D,Yuma,,,,present,23.3,11.7,3.6,0.8,,,,
,arrow,50/4109E,Yuma,,,,present,25.6,11.0,3.8,0.9,,,,
,arrow,50/4109F,Yuma,,,,present,28.1,12.1,3.7,1.0,,,,
,arrow,50/4109B,Yuma,,,,present,26.2,12.9,4.2,1.2,,,,
,arrow,50/9163C,White Mt. Apache (Arizona),,,,present,32.7,18.5,4.2,2.1,,,,
,arrow,50/9163C,White Mt. Apache (Arizona),,,,present,27.1,14.6,5.3,1.7,,,,
,arrow,50/9163C,White Mt. Apache (Arizona),,,,present,31.0,19.2,5.4,2.6,,,,
,arrow,50/9163C,White Mt. Apache (Arizona),,,,present,30.0,17.6,3.2,1.4,,,,
,arrow,50/9163C,White Mt. Apache (Arizona),,,,present,35.0,16.8,5.6,2.7,,,,
,arrow,50/9163C,White Mt. Apache (Arizona),,,,present,33.9,17.1,4.5,2.1,,,,
,arrow,50/9163C,White Mt. Apache (Arizona),,,,present,36.3,16.9,6.1,3.1,,,,
,arrow,A4,Unlocalized North America,,,,present,40.1,21.0,3.0,2.0,,,,
,arrow,50.2/5213(H),California,,,,present,42.4,18.9,4.3,2.8,,,,
,arrow,16/1277,Thompson River,,,,present,45.8,17.5,4.3,2.8,,,,
,arrow,16/1278,Thompson River,,,,present,39.2,17.0,4.6,2.5,,,,
,arrow,50/284A,"Noko (Mooretown, California)",,,,present,48.6,18.8,3.5,2.6,,,,
,arrow,50.1/2625B,Nambe (New Mexico),,,,present,15.2,12.0,2.1,7.8,,,,
,arrow,50.1/2625C,Nambe (New Mexico),,,,present,13.4,9.4,1.7,5.1,,,,
,arrow,1/2708C,Nez Perce (Idaho),,,,present,34.4,18.2,3.5,11.2,,,,
,arrow,50.2/5215A,California,,,,present,25.3,15.9,4.9,11.8,,,,
,arrow,50.2/5215B,California,,,,present,31.8,14.6,4.3,11.5,,,,
,arrow,50.2/5215D,California,,,,present,31.5,15.0,4.8,1.9,,,,
,arrow,50.2/5215C,California,,,,present,30.9,15.5,3.4,1.3,,,,
,arrow,50.1/4875,Narez (Sonora),,,,present,23.2,14.2,4.1,1.1,,,,
,arrow,50/4148J,Hat Creek (California),,,,present,37.7,13.5,4.6,1.9,,,,
,arrow,50/4148E,Hat Creek (California),,,,present,29.0,11.2,3.5,0.9,,,,
,arrow,50/4148C,Hat Creek (California),,,,present,24.4,12.5,3.1,0.8,,,,
,arrow,50/4148H,Hat Creek (California),,,,present,28.2,13.7,3.7,1.2,,,,
,arrow,50/4148I,Hat Creek (California),,,,present,25.3,13.4,3.8,1.1,,,,
,arrow,50/4148D,Hat Creek (California),,,,present,44.2,13.2,6.1,2.9,,,,
,arrow,50/9163C,White Mt. Apache (Arizona),,,,present,29.0,16.9,3.9,1.6,,,,
,arrow,50/9163C,White Mt. Apache (Arizona),,,,present,45.0,17.6,3.2,2.1,,,,
,arrow,50/9163C,White Mt. Apache (Arizona),,,,present,30.7,16.8,3.3,1.4,,,,
,arrow,50/9163C,White Mt. Apache (Arizona),,,,present,32.7,16.6,5.4,2.4,,,,
,arrow,16/9062C,Unlocalized North America,,,,present,29.6,13.8,2.8,0.9,,,,
,arrow,50.1/3027,Taos (New Mexico),,,,present,18.4,15.2,2.9,0.7,,,,
,arrow,50.1/2857A,San Idlefonso (New Mexico),,,,present,19.2,10.7,4.4,0.7,,,,
,arrow,50.1/2857B,San Idlefonso (New Mexico),,,,present,32.5,17.7,5.0,2.4,,,,
,arrow,50.1/2857C,San Idlefonso (New Mexico),,,,present,26.5,13.6,3.2,0.9,,,,
,arrow,50.1/2857D,San Idlefonso (New Mexico),,,,present,20.7,12.2,2.4,0.5,,,,
,arrow,50.1/2857E,San Idlefonso (New Mexico),,,,present,23.7,16.4,3.7,1.2,,,,
,arrow,H-4569,"Pueblo Bonito, New Mexico",,,,present,22.3,10.8,2.7,0.5,,,,
,arrow,H-4582,"Pueblo Bonito, New Mexico",,,,present,23.2,11.1,2.8,0.6,,,,
,arrow,H-4575,"Pueblo Bonito, New Mexico",,,,present,31.3,11.8,2.7,0.8,,,,
,arrow,H-4576,"Pueblo Bonito, New Mexico",,,,present,21.3,9.7,2.7,0.5,,,,
,arrow,H-4584,"Pueblo Bonito, New Mexico",,,,present,21.0,11.3,2.3,0.4,,,,
,arrow,H-4595,"Pueblo Bonito, New Mexico",,,,present,22.5,12.3,2.8,0.6,,,,
,arrow,H-4585,"Pueblo Bonito, New Mexico",,,,present,24.9,10.2,2.4,0.5,,,,
,arrow,H-4583,"Pueblo Bonito, New Mexico",,,,present,24.3,13.0,2.9,0.7,,,,
,arrow,H-4581,"Pueblo Bonito, New Mexico",,,,present,27.3,12.6,2.7,0.7,,,,
,arrow,H-4577,"Pueblo Bonito, New Mexico",,,,present,24.8,11.5,3.4,0.8,,,,
,arrow,H-4591,"Pueblo Bonito, New Mexico",,,,present,25.1,10.4,2.7,0.6,,,,
,arrow,H-4572,"Pueblo Bonito, New Mexico",,,,present,30.8,11.2,2.8,0.8,,,,
,arrow,H-4586,"Pueblo Bonito, New Mexico",,,,present,27.7,10.8,3.0,0.7,,,,
,arrow,H-4571,"Pueblo Bonito, New Mexico",,,,present,29.2,11.7,3.2,0.9,,,,
,dart,A3048,"White Dog Cave, Arizona",,,,present,38.3,19.7,3.3,,,,,
,dart,A3117,"White Dog Cave, Arizona",,,,present,56.4,25.0,4.8,,,,,
,dart,A2814,"White Dog Cave, Arizona",,,,present,39.1,19.4,4.4,,,,,
,dart,A3048,"White Dog Cave, Arizona",,,,present,39.9,15.4,3.1,,,,,
,dart,96746,"Ceremonial Cave, Texas",,,,present,50.6,26.2,7.2,,,,,
,dart,96745,"Ceremonial Cave, Texas",,,,present,39.0,19.0,6.7,,,,,
,dart,A5582,"Broken Roof Cave, Arizona",,,,present,57.3,29.2,4.7,,,,,
,dart,A5528,"Broken Roof Cave, Arizona",,,,present,65.4,29.6,4.1,,,,,
,dart,97179,"Steamboat Cave, New Mexico",,,,present,42.4,25.0,4.2,,,,,
,dart,-,"Potter Creek Cave, California",,,,present,34.0,20.3,6.0,,,,,
,dart,349188,"White Dog Cave, Arizona",,,,present,41.1,17.4,3.4,,,,,
,dart,11/7254,"Allred Shelter, Missouri",,,,present,35.8,24.2,7.2,,,,,
,dart,D2429,"Kimberley, NW Australia",,,,present,81.7,20.1,6.4,,,,,
,dart,97179,"Steamboat Cave, New Mexico",,,,present,21.8,14.0,2.9,,,,,
,dart,97179,"Steamboat Cave, New Mexico",,,,present,39.5,20.5,4.3,,,,,
,dart,A4515-1/6,"Cave 2, San Juan County, Utah",,,,present,55.8,22.6,4.2,,,,,
,dart,A4515-1/7,"Cave 2, San Juan County, Utah",,,,present,70.4,20.0,4.2,,,,,
,dart,A4515-1/8,"Cave 2, San Juan County, Utah",,,,present,60.4,20.2,4.0,,,,,
,dart,A4515-1/9,"Cave 2, San Juan County, Utah",,,,present,54.1,20.3,4.9,,,,,
,dart,A4515-1/10,"Cave 2, San Juan County, Utah",,,,present,60.4,20.5,4.6,,,,,
,dart,A4515-1/11,"Cave 2, San Juan County, Utah",,,,present,60.7,24.9,4.5,,,,,
,dart,A4515.30-47,"Cave 2, San Juan County, Utah",,,,present,34.3,20.4,4.8,,,,,
,dart,A4515.30-48,"Cave 2, San Juan County, Utah",,,,present,26.5,23.7,5.2,,,,,
,dart,NA-7031,"Point Barrow, Alaska",,,,present,42.3,16.2,5.4,,,,,
,dart,SA-3758,"Nazca vicinity, Peru",,,,present,38.0,18.0,5.0,,,,,
,dart,P29-30.4G1,"Sand Dune Cave, Utah",,,,present,44.1,24.0,5.2,,,,,
,dart,P29-30.4G2,"Sand Dune Cave, Utah",,,,present,54.6,27.5,4.8,,,,,
,dart,P29-30.4G3,"Sand Dune Cave, Utah",,,,present,49.2,24.6,5.7,,,,,
,dart,P29-30.4G4,"Sand Dune Cave, Utah",,,,present,48.5,17.4,4.6,,,,,
,dart,P29-30.4G5,"Sand Dune Cave, Utah",,,,present,57.4,23.4,5.4,,,,,
,dart,P29-30.4G6,"Sand Dune Cave, Utah",,,,present,63.0,23.1,5.1,,,,,
,dart,66.56.3.3,"San Juan County, Utah",,,,present,57.2,27.4,4.0,,,,,
,dart,66.55.3.3,"San Juan County, Utah",,,,present,58.8,28.0,5.5,,,,,
,dart,66.56.5.1,"San Juan County, Utah",,,,present,60.4,30.0,5.8,,,,,
,dart,66.55.3.1,"San Juan County, Utah",,,,present,52.8,27.5,5.1,,,,,
,dart,66.56.3.1,"San Juan County, Utah",,,,present,85.3,32.0,5.8,,,,,
,dart,66.55.3.2,"San Juan County, Utah",,,,present,66.5,28.4,5.0,,,,,
,dart,66.56.5.2,"San Juan County, Utah",,,,present,67.1,29.7,5.5,,,,,
,dart,95.2.147.1,"San Juan County, Utah",,,,present,48.9,22.5,5.5,,,,,
,dart,95.2.115.1,"San Juan County, Utah",,,,present,61.3,24.6,6.0,,,,,
,hp,50_1,Oldeholtwolde,NL,6.01761,52.91062,boelling,70,12.5,,,,,,
,hp,50_2,Oldeholtwolde,NL,6.01761,52.91062,boelling,61,11.5,,,,,,
,hp,50_3,Oldeholtwolde,NL,6.01761,52.91062,boelling,56.5,15,,,,,,
,hp,50_4,Oldeholtwolde,NL,6.01761,52.91062,boelling,45.5,10,,,,,,
,hp,50_5,Oldeholtwolde,NL,6.01761,52.91062,boelling,52,10.1,,,,,,
,hp,50_6,Oldeholtwolde,NL,6.01761,52.91062,boelling,35,11,,,,,,
,hp,50_7,Oldeholtwolde,NL,6.01761,52.91062,boelling,70.5,11.9,,,,,,
,hp,50_8,Oldeholtwolde,NL,6.01761,52.91062,boelling,61.5,15,,,,,,
,hp,50_9,Oldeholtwolde,NL,6.01761,52.91062,boelling,41,12.5,,,,,,
,hp,50_10,Oldeholtwolde,NL,6.01761,52.91062,boelling,45.5,10.5,,,,,,
,hp,50_11,Oldeholtwolde,NL,6.01761,52.91062,boelling,43,11,,,,,,
,hp,50_12,Oldeholtwolde,NL,6.01761,52.91062,boelling,43,11,,,,,,
,scraper,57_1,Oldeholtwolde,NL,6.01761,52.91062,boelling,64,16,,,,,,
,scraper,57_2,Oldeholtwolde,NL,6.01761,52.91062,boelling,62,20,,,,,,
,scraper,57_3,Oldeholtwolde,NL,6.01761,52.91062,boelling,51,16.5,,,,,,
,scraper,57_4,Oldeholtwolde,NL,6.01761,52.91062,boelling,47.5,17,,,,,,
,scraper,57_5,Oldeholtwolde,NL,6.01761,52.91062,boelling,51,18.5,,,,,,
,scraper,57_6,Oldeholtwolde,NL,6.01761,52.91062,boelling,47,18,,,,,,
,scraper,57_7,Oldeholtwolde,NL,6.01761,52.91062,boelling,39.5,17,,,,,,
,scraper,57_8,Oldeholtwolde,NL,6.01761,52.91062,boelling,33,15.5,,,,,,
,scraper,57_9,Oldeholtwolde,NL,6.01761,52.91062,boelling,69,17,,,,,,
,scraper,57_10,Oldeholtwolde,NL,6.01761,52.91062,boelling,35.5,16,,,,,,
,scraper,57_11,Oldeholtwolde,NL,6.01761,52.91062,boelling,38,16.5,,,,,,
,scraper,57_12,Oldeholtwolde,NL,6.01761,52.91062,boelling,32,16,,,,,,
,scraper,57_13,Oldeholtwolde,NL,6.01761,52.91062,boelling,21,15.5,,,,,,
,scraper,57_14,Oldeholtwolde,NL,6.01761,52.91062,boelling,21.5,16.5,,,,,,
,scraper,57_15,Oldeholtwolde,NL,6.01761,52.91062,boelling,14,16,,,,,,
,scraper,57_16,Oldeholtwolde,NL,6.01761,52.91062,boelling,37.5,14,,,,,,
,scraper,57_17,Oldeholtwolde,NL,6.01761,52.91062,boelling,33,15.5,,,,,,
,scraper,57_18,Oldeholtwolde,NL,6.01761,52.91062,boelling,21,18,,,,,,
